title,year_created,festival,description,source_description,artist_id,status,id,location,adress,images,updated_at
Кинокартина,2023,STENOGRAFFIA,"Арт-объект «Кинокартина» рассказывает о процессе создания сериала от момента задумки и до финала. В длинной бетонной ленте вы встретите сценариста с кофе, актеров в гримерке, съемки на фоне хромакея, режиссера с хлопушкой и многих других.

При создании работы Алексей вдохновился магией кино: благодаря огромному числу людей рождается общий и целостный продукт. Не менее воодушевляющим художнику показалось, что сейчас мы можем смотреть результат совместного творчества буквально где угодно. Для этого не нужно идти в кинотеатр, достаточно достать любой гаджет

Арт-объект появился благодаря инициативе онлайн-кинотеатра Premier. Они предложили нам провести еще одну добрую акцию «Люди рисуют» и преобразить забор. А рисовал весь город вместе с актрисой Анастасией Чистяковой. В этот же день мы встретились с ней в МЕГЕ. Поговорили по душам и посмотрели премьерную серию второго сезона «Территория», в котором Анастасия сыграла одну из главных ролей.

Эта работа показывает, что за чем-то, что кажется простым и понятным, стоит огромное количество людей. За каждым фильмом — целая команда актеров, режиссеров, сценаристов, звукорежиссеров, гримеров и других. А за одним арт-объектом — большой город

Сделано в рамках акции ""Люди рисуют""",https://vk.com/wall-17497334_17987,Алексей Грабилин,,,56.842408° 60.609352°,Первомайская 18,"https://sun9-18.userapi.com/impg/jXqLChumEJu9fzsRxPb3YozSdNx0SS28mi1gsg/GfA9HKqUsyU.jpg?size=2560x1707&quality=95&sign=c21a65a526bef712077bacfd0712bd6e&type=album
https://sun9-16.userapi.com/impg/SrtM_nwyKu3z3JOjVBfzG0Ytpzaw3vLmHqtS0A/ixtbNwZtxG4.jpg?size=2560x1707&quality=95&sign=0f4f6a560b660bfe15fa0f9e545cdd02&type=album
https://sun9-30.userapi.com/impg/davA0RqjyCustxv1uOWyVujulGYg8dUFF6KJVg/3QxYRJyMqgM.jpg?size=2560x1707&quality=95&sign=fc343ae5834fea9f7ef7bf0f081ad3c7&type=album
https://sun9-65.userapi.com/impg/GyJn964tcO8AZReHorm4sAByi0vL-ObW0_f76A/SZh4hyONDFs.jpg?size=2560x1707&quality=95&sign=ea85f544d735401fe302103d15413f8f&type=album
https://sun9-6.userapi.com/impg/0Rqvbep-t1A5gcYGg3NaSGdIQkaVHTrYfa0stA/pQyUhqZ4n6s.jpg?size=2560x1707&quality=95&sign=e687decd3a38002e2ee073e7d0e9efd1&type=album
https://sun9-10.userapi.com/impg/VUuqU6YTl72UmWlAQtLVUd6u9gMuC0TZGygqxA/WWS-ET-bAUU.jpg?size=2560x1707&quality=95&sign=fb9276a4ffb5668a6021d5e8e0e069b9&type=album
",
Чистая энергия,2023,STENOGRAFFIA,"Сделано в рамках проекта ""Ночная галерея""",https://vk.com/wall-17497334_17919,DIMASW,,,56.829743° 60.584968°,Радищева 28,"https://sun9-29.userapi.com/impg/tixjwz-9PnqP60h_lBS65NI5qKVYSgTcgU715Q/eILyJ5rCFpA.jpg?size=2560x1707&quality=95&sign=8ff249c7c80b5027f0e80bf6e971cdb2&type=album
https://sun9-70.userapi.com/impg/02ggNmb6Z5GVofKz-aDNTff0PB49XNNYbXIp8A/4yZBVlWftfY.jpg?size=2560x1707&quality=95&sign=094d03aa66c8c73be9d58089f849f43a&type=album
https://sun9-75.userapi.com/impg/2G5Imu4BEgkbzUIdLMGvM8bNuqFw7CrgzxN7UQ/WH4oozISo9s.jpg?size=2560x1707&quality=95&sign=2637613d9a64b99d665c8ef55903d552&type=album
https://sun9-12.userapi.com/impg/MkDNcr_RU23oJAl4-t_lfO5fFkysm1fqrfpM3g/O9_Vy8oWPTA.jpg?size=2560x1707&quality=95&sign=c8b7a567348f33f00f1bb880ee8e38cc&type=album",
Портреты на заказ,2023,STENOGRAFFIA,"Студенты Школы Дизайна НИУ ВШЭ – Санкт-Петербург под кураторством Андрея Люблинского смогли это сделать и нарисовали портреты горожан.

«Арт-объект создавали в наивной стилистике. Я, как автор эскиза, выбрала именно такую, чтобы каждый смог увидеть себя в этих изображениях», — рассказала Ирина Воронина.

Проект поддержала команда IT-компании «ЦСБ Контроль». По их мнению, жители города как прототип портретов – фиксация временного среза текущей жизни Екатеринбурга.

«В нашем городе уникальная архитектура, как будто маленький ребенок в компьютерном симуляторе строил на скорую руку этот город и решил намешать абсолютно разные временные промежутки стилистики архитектуры. В этом есть определенная наивность и здорово, что именно в стиле наивного рисунка, мы рисовали жителей города вместе с художниками!», – поделились сотрудники «ЦСБ Контроль».",https://vk.com/wall-17497334_17887,Андрей Люблинский / Анастасия Вокина,,,56.848188° 60.590819°,Олимпийская набережная 7,"https://sun3-22.userapi.com/impg/1JQCvzAMG4_E8ZnD9-lrx_eX6d4XSJ-R_x7ofQ/2-Nf9H52_og.jpg?size=2560x1707&quality=96&sign=30672e58ef78e2ba6199e3430ac26b0c&type=album
https://sun9-21.userapi.com/impg/Zs2svmPUePfR8QDTEU056nVSUvYHjHUZkrxEwA/2N7Ow1VP5QI.jpg?size=2560x1708&quality=96&sign=b0bcddcd78aa2d3d264c7826b814bac6&type=album
https://sun9-40.userapi.com/impg/6PPSNUoqqPr0nBUcmctTp_34GoDyxepUmhTlgQ/-FSzHgepwfQ.jpg?size=2560x1708&quality=96&sign=333af464fc67ef182d4099a3c2726d4d&type=album
https://sun9-44.userapi.com/impg/MY4UEAWK0QeGUWxQDELqXWSjgvm5b_eCleq4ZQ/Nne1aP5AULA.jpg?size=2560x1707&quality=96&sign=771b7905d74d7af9d9f517a9b82d87e4&type=album
https://sun9-77.userapi.com/impg/a9piaAC-j2ZFS5kkwxSuuRuCHVVQaqNiTF5Gng/XaxfsKoyQ3U.jpg?size=2560x1708&quality=96&sign=93be8206e5e0c9125df7fe7e19a0316b&type=album
https://sun9-39.userapi.com/impg/z_n0DW_AU-yXjVNi_omnKnibX2fKZwycJ1amxg/Tu8pF2zgHmE.jpg?size=2560x1708&quality=96&sign=9fc47172b1d55ce7e456266906c0a5fb&type=album",
Орнаменты Урала,2023,STENOGRAFFIA,"На фасадах киосков «Роспечати» художница поместила паттерны уральских народностей: татар, башкир, удмуртов, коми-зырян и марийцев. Она особенно тщательно подбирала цвета, формы и смыслы, чтобы достоверно перенести на поверхность орнамент каждой культуры. Помогли все точно изобразить представители общин, которые не только консультировали, но и рисовали. По словам Анастасии, «Городская энциклопедия узоров» — это большая коллективная работа 

Сделано в рамках проекта ""Ночная галерея""",https://vk.com/wall-17497334_17878,Анастасия Пищугина,,,56.840491° 60.65197°,Мира 23,"https://sun9-57.userapi.com/impg/emHt-1qDX0A5-AWvCTotBR67k58SSK1aboQpXw/hBiFY6Pa66Q.jpg?size=2560x1707&quality=96&sign=5ce2f6056bce382350a92d6c1a31679d&type=album
https://sun9-29.userapi.com/impg/IieJwGZiJ1YUWjLIEUmN7QQCUpPgFsUGPJxaUQ/Ap5mRlrD9R8.jpg?size=2560x1707&quality=96&sign=75c9dae5608c1213a10ff4aa267d493a&type=album",
Орнаменты Урала,2023,STENOGRAFFIA,"На фасадах киосков «Роспечати» художница поместила паттерны уральских народностей: татар, башкир, удмуртов, коми-зырян и марийцев. Она особенно тщательно подбирала цвета, формы и смыслы, чтобы достоверно перенести на поверхность орнамент каждой культуры. Помогли все точно изобразить представители общин, которые не только консультировали, но и рисовали. По словам Анастасии, «Городская энциклопедия узоров» — это большая коллективная работа 

Сделано в рамках проекта ""Ночная галерея""",https://vk.com/wall-17497334_17878,Анастасия Пищугина,,,56.839819° 60.646019°,Гагарина 22,,
Орнаменты Урала,2023,STENOGRAFFIA,"На фасадах киосков «Роспечати» художница поместила паттерны уральских народностей: татар, башкир, удмуртов, коми-зырян и марийцев. Она особенно тщательно подбирала цвета, формы и смыслы, чтобы достоверно перенести на поверхность орнамент каждой культуры. Помогли все точно изобразить представители общин, которые не только консультировали, но и рисовали. По словам Анастасии, «Городская энциклопедия узоров» — это большая коллективная работа 

Сделано в рамках проекта ""Ночная галерея""",https://vk.com/wall-17497334_17878,Анастасия Пищугина,,,56.845633° 60.644033°,Гагарина 10,,
Орнаменты Урала,2023,STENOGRAFFIA,"На фасадах киосков «Роспечати» художница поместила паттерны уральских народностей: татар, башкир, удмуртов, коми-зырян и марийцев. Она особенно тщательно подбирала цвета, формы и смыслы, чтобы достоверно перенести на поверхность орнамент каждой культуры. Помогли все точно изобразить представители общин, которые не только консультировали, но и рисовали. По словам Анастасии, «Городская энциклопедия узоров» — это большая коллективная работа 

Сделано в рамках проекта ""Ночная галерея""",https://vk.com/wall-17497334_17878,Анастасия Пищугина,,,56.843111° 60.643959°,Ленина 97,,
Орнаменты Урала,2023,STENOGRAFFIA,"На фасадах киосков «Роспечати» художница поместила паттерны уральских народностей: татар, башкир, удмуртов, коми-зырян и марийцев. Она особенно тщательно подбирала цвета, формы и смыслы, чтобы достоверно перенести на поверхность орнамент каждой культуры. Помогли все точно изобразить представители общин, которые не только консультировали, но и рисовали. По словам Анастасии, «Городская энциклопедия узоров» — это большая коллективная работа 

Сделано в рамках проекта ""Ночная галерея""",https://vk.com/wall-17497334_17878,Анастасия Пищугина,,,56.843377° 60.645589°,Ленина 103,,
8 утра,2023,STENOGRAFFIA,"Теперь в арт-объекте мы видим типичную утреннюю картину: 8 утра, метро и люди, замершие в ожидании, когда поезд довезет их на нужную станцию. Интересный факт: герои арт-объекта — реальные люди. Это друзья художницы, знакомые и случайные прохожие. Заглядывайте посмотреть на арт-объект, может, именно ваш образ стал частью мурала!

«Мне кажется, что это крутой опыт в плане взаимодействия со зрителями. Когда ты пишешь картину у себя в мастерской, ты ее показываешь на выставке, кто-то ее увидит или не увидит. А тут арт-объект, который будет постоянно на виду. У меня были случаи, что в картине, например, узнавали своего друга», — поделилась Мария Нурматова.

А еще художнице посчастливилось пройти своеобразное «крещение» улицами. Не успела Маша закончить работу, как на ней появились теги. Но автор стойко встретилась с характером субкультуры и терпеливо поправила работу. Однако по сей день «8 утра» не оставляет художников равнодушными.",https://vk.com/wall-17497334_17830,Мария Нурматова,,,56.83571° 60.601309°,8 марта 15,"https://sun9-72.userapi.com/impg/0wFUHvsBkT3Eg5LtV5ROHU0W4CVTu9KY88Rhnw/GI2p8GcK13I.jpg?size=2560x1707&quality=95&sign=c5bef2b6433c4fb12e02cf01b49caa58&type=album
https://sun9-59.userapi.com/impg/fUWSLnGnn1IeJUSHNqPQewjOf6J6-46aABtbQA/s5kDsR9FJ9A.jpg?size=2560x1707&quality=95&sign=ca108aba53ff488d21b2bca7e727b99d&type=album
https://sun9-9.userapi.com/impg/YfBSqrzpgvUWLhyOBJIR4Ol1gkSPDD6XhZ1ZJA/IYZwnoG7DyU.jpg?size=2560x1707&quality=95&sign=288ae22336fee11d41dfe4ed8d7148d2&type=album
https://sun9-64.userapi.com/impg/D_CvunrYYWO2r6Bgzg2N3w0b6gZ-ear3BOdadg/AMc9ua5tfuw.jpg?size=2560x1707&quality=95&sign=124f27529951199be46ec4937c3fd178&type=album",
Люди рисуют,2023,STENOGRAFFIA,"В арт-объекте вы встретите утенка, белочку, улитку, лягушку, мышонка и милую божью коровку. Именно они во главе с ежиком красят окружающий мир. Так же, как и все собравшиеся на акции «Люди рисуют». Жители дома и просто неравнодушные горожане объединились, чтобы сделать этот мир лучше. А это самое прекрасное, что только может быть.

Сделано в рамках акции ""Люди рисуют""",https://vk.com/wall-17497334_17823,Саша Селфея,,,56.894331° 60.632217°,Баумана 31,"https://sun9-49.userapi.com/impg/usJoDNbAyIMyc6BJ72CSrg7dDziPPyQja3SbJQ/ZxmElMZVRls.jpg?size=2560x1707&quality=95&sign=5fcbb86522ba9d08b86857ee4e89e34b&type=album
https://sun9-61.userapi.com/impg/6fjHDx0dZiR7tvJrFBxghHnirorV5bv15DRYgQ/6fRp7pk2XCI.jpg?size=2560x1707&quality=95&sign=1400c1c8dc7e20084a8e6fb1b7b72ffa&type=album
https://sun9-48.userapi.com/impg/5bcKh82d_gpPCW2OI-Vk1kh8ywcWv4CARYfnRA/ILmz3PXqaC8.jpg?size=2560x1707&quality=95&sign=8c2325f77d1c4f9b74c1740d1733513d&type=album
https://sun9-64.userapi.com/impg/5ygefsWrPWRSl52HT6hPH9j6iiAquV0mVtXGEA/EECsDONDwvc.jpg?size=2560x1707&quality=95&sign=782d901bfe7c9766fcb6285a91f4100d&type=album",
Гараж,2023,STENOGRAFFIA,"В этой работе контекст сыграл особенно большую роль. Даша заметила, что стена не особо заметна и примечательна для прохожих. Поэтому решила создать ритмичный рисунок, который сопровождал бы людей во время прогулки.

«Одновременно держала мысль о том, что рядом находятся детский садик и школа. Мне бы хотелось, чтобы рисунок радовал детей!», — поделилась Даша.

В сюжете работы изображено то, что находится вокруг — машины, деревья, цветы. Каждый элемент находится в отдельном сегменте, имитируя принцип деления гаражей. Как будто все на своей полочке. Даже становится интересно, как все расположено внутри гаража — есть пространство для фантазии.

Вся работа как мозаика собрана из геометрических фигур, где каждый элемент на своем месте. Они последовательно сменяют друг друга в тщательно выстроенной динамике сюжета. Создается ощущение повторяющегося вида из окна машины во время движения!",https://vk.com/wall-17497334_17792,Даша Чухрова,,,56.905846° 60.602724°,Коммунистическая 4,"https://sun9-49.userapi.com/impg/9kMUHhwzJNCQ6nMe07zeMla03BWgVHnlxS2bCw/coVZEPcwH9o.jpg?size=2560x1707&quality=96&sign=3f56d56ece643a6fec0d21e0c78ef5a6&type=album
https://sun9-30.userapi.com/impg/_vA8X9QMBzwQmC2hWT8b1rlu-8nsXhTU_1R-9w/HIaOYyRxlWs.jpg?size=2560x1707&quality=96&sign=4475ff8b1d664e99dfd84c341c2e3ab7&type=album
https://sun9-2.userapi.com/impg/1z8u2H0a5ZlgbNGoK7pxdlmIHk14ls1to-Vtsw/I3jYZ0I_Vxo.jpg?size=2560x1707&quality=96&sign=e46d7b6f2b1bf8be5d8b7f8837cd13a3&type=album
https://sun9-15.userapi.com/impg/7jgtmMa3GQ1QnrMi_RwRV7zZZH0a7ry7j1S0jw/0JG1S-6EP4s.jpg?size=2560x1707&quality=96&sign=b252ee69d889d06b68e10bf00f726a87&type=album
https://sun9-64.userapi.com/impg/qx6iViBOseKrBij1PpsB0g-8iRAfo96OkZq5tg/ee1X0mvoQkg.jpg?size=2560x1707&quality=96&sign=33f84c9a30ef3e241fb31f7b70d14311&type=album",
Холоффэйм,2023,STENOGRAFFIA,"Авторы защитили инфраструктурные объекты от вандализма с помощью тегов. Что удивительно — теги обычно воспринимаются горожанами как «уличная грязь». Здесь же наоборот паттерн из имен художников и названий граффити-команд, словно причудливый ковер, обнимает остановки и защищает их от вмешательства чужой руки. Теперь хаотичный визуальный шум сменился на лаконичный черно-белый рисунок.

«С командой DESTROYERS мы решили эстетизировать это явление, превратив большое количество тэгов граффити-райтеров в паттерн, эстетичную вязь из букв. Остановки, в свою очередь, мы сделали холоффэймом (залом славы) для граффитчиков. Что важно понимать: в этой субкультуре не принято красить поверх того, что по оценке граффити-сообщества сделано хорошо и качественно. Также редко можно встретиться с тем, когда кто-то рисует поверх уважаемых в этой среде райтеров. Ну и не имеет смысла перекрашивать то, где тебя и так отметили. А имен на эти четыре остановки влезло огромное количество. Из этих трех условий и состоит наш граффити-оберег», — поделился художник команды SPEKTR Андрей Колоколо",https://vk.com/wall-17497334_17769,SPEKTR / DESTROYERS ,,,56.847146° 60.609292°,Остановка ТЮЗ,"https://sun9-6.userapi.com/impg/H62rtYc2wT3hrHDJPIvH4WsSOMzcG5RXbILjWQ/DQbg7BrdTRk.jpg?size=2560x1708&quality=95&sign=0687287836004d6cc2c4dcc63b491ce8&type=album
https://sun9-78.userapi.com/impg/O7bFQJf4ewdwF9CJai0VoaqPNjUy-0VWACb8ng/oaoziLYBI6Q.jpg?size=2560x1708&quality=95&sign=807330ad2dd105714c03298cc7d2c331&type=album
https://sun9-74.userapi.com/impg/T8eYKZ5NpcyuiTRMLypd1pxG44FT8Ku5vB689Q/5A4QgVf2CG0.jpg?size=2560x1708&quality=95&sign=081cdb6b0001c57fe0a4a2313ec7cf0d&type=album
https://sun9-16.userapi.com/impg/B9JipEcwg9O2unK9aENL8VZuXzjbMSsBc3lrfQ/B2juUJq2eLQ.jpg?size=2560x1708&quality=95&sign=1722d0f485b71845f577ad68d097af1a&type=album
https://sun9-21.userapi.com/impg/IqnwBywm6F6LFXovJqJI5q_Z1O9JAzulDPmWmg/UHD2Ea_7A3k.jpg?size=2560x1708&quality=95&sign=b7a6c9791daa8408837125c3ce9b8d75&type=album
https://sun9-22.userapi.com/impg/hvc7lvV7vnMOwX0gLBNNQIpgSwSfm0PORGxQ-g/hh8eA8UoIig.jpg?size=2560x1708&quality=95&sign=2447a7dba7257adadef5a9bf88dfb873&type=album
https://sun9-58.userapi.com/impg/E0NsSKg-uFv5guSOqC_y9Ge0jNL-KbPGV-S_hQ/211I-2QA6VU.jpg?size=2560x1708&quality=95&sign=17cce907afaead4cb5b787c714557c43&type=album",
Холоффэйм,2023,STENOGRAFFIA,"Авторы защитили инфраструктурные объекты от вандализма с помощью тегов. Что удивительно — теги обычно воспринимаются горожанами как «уличная грязь». Здесь же наоборот паттерн из имен художников и названий граффити-команд, словно причудливый ковер, обнимает остановки и защищает их от вмешательства чужой руки. Теперь хаотичный визуальный шум сменился на лаконичный черно-белый рисунок.

«С командой DESTROYERS мы решили эстетизировать это явление, превратив большое количество тэгов граффити-райтеров в паттерн, эстетичную вязь из букв. Остановки, в свою очередь, мы сделали холоффэймом (залом славы) для граффитчиков. Что важно понимать: в этой субкультуре не принято красить поверх того, что по оценке граффити-сообщества сделано хорошо и качественно. Также редко можно встретиться с тем, когда кто-то рисует поверх уважаемых в этой среде райтеров. Ну и не имеет смысла перекрашивать то, где тебя и так отметили. А имен на эти четыре остановки влезло огромное количество. Из этих трех условий и состоит наш граффити-оберег», — поделился художник команды SPEKTR Андрей Колоколо",https://vk.com/wall-17497334_17769,SPEKTR / DESTROYERS ,,,56.846637° 60.609102°,Остановка ТЮЗ,"https://sun9-6.userapi.com/impg/H62rtYc2wT3hrHDJPIvH4WsSOMzcG5RXbILjWQ/DQbg7BrdTRk.jpg?size=2560x1708&quality=95&sign=0687287836004d6cc2c4dcc63b491ce8&type=album
https://sun9-78.userapi.com/impg/O7bFQJf4ewdwF9CJai0VoaqPNjUy-0VWACb8ng/oaoziLYBI6Q.jpg?size=2560x1708&quality=95&sign=807330ad2dd105714c03298cc7d2c331&type=album
https://sun9-74.userapi.com/impg/T8eYKZ5NpcyuiTRMLypd1pxG44FT8Ku5vB689Q/5A4QgVf2CG0.jpg?size=2560x1708&quality=95&sign=081cdb6b0001c57fe0a4a2313ec7cf0d&type=album
https://sun9-16.userapi.com/impg/B9JipEcwg9O2unK9aENL8VZuXzjbMSsBc3lrfQ/B2juUJq2eLQ.jpg?size=2560x1708&quality=95&sign=1722d0f485b71845f577ad68d097af1a&type=album
https://sun9-21.userapi.com/impg/IqnwBywm6F6LFXovJqJI5q_Z1O9JAzulDPmWmg/UHD2Ea_7A3k.jpg?size=2560x1708&quality=95&sign=b7a6c9791daa8408837125c3ce9b8d75&type=album
https://sun9-22.userapi.com/impg/hvc7lvV7vnMOwX0gLBNNQIpgSwSfm0PORGxQ-g/hh8eA8UoIig.jpg?size=2560x1708&quality=95&sign=2447a7dba7257adadef5a9bf88dfb873&type=album
https://sun9-58.userapi.com/impg/E0NsSKg-uFv5guSOqC_y9Ge0jNL-KbPGV-S_hQ/211I-2QA6VU.jpg?size=2560x1708&quality=95&sign=17cce907afaead4cb5b787c714557c43&type=album",
Связь двоих,2023,STENOGRAFFIA,"Арт-объект посвящен отношением и носит говорящее название — «Связь двоих». На каждой плите размещен свой сюжет. На протяжении всего забора длиной в 50 м вы найдете 16 историй про дружбу, нежность, сестринство, противостояние, слияние, отношения неравных, отношения противоположностей и другие.

Сделано в рамках акции ""Люди рисуют""",https://vk.com/wall-17497334_17754,Purpur.moon,,,56.829682° 60.596454°,Вайнера 54,"https://sun9-7.userapi.com/impg/qi3OlSOFWcgiYNJdy2yswLvQvHuR5IeUq-EG2Q/mj20x2VG2eo.jpg?size=2560x1707&quality=95&sign=b0bb228e0ce469c21b161351c9974734&type=album
https://sun9-58.userapi.com/impg/d7IytYikWIElQoenXreRPV4jFxlSUmJcTMcgMA/JISxwy2Q8zs.jpg?size=2560x1707&quality=95&sign=2bbf0993dc32110673c14cb6d2b49300&type=album
https://sun9-35.userapi.com/impg/ZtX_kcntBOmAXo4bePMaLTyPa0KRVxgaYnNvmA/CG4DiMo2Wlw.jpg?size=2560x1707&quality=95&sign=26a2ea9fa32bc8f7fa1415c953eb5e95&type=album
https://sun9-4.userapi.com/impg/zsC2SqfEWpGi6WS143O7PKkbV7mRPM_Dl54pYA/hV6Qt_jxZek.jpg?size=2560x1707&quality=95&sign=f3c0151e58e9f546fc3db59c2554657c&type=album
https://sun9-40.userapi.com/impg/ARfMnEmlpboQHDTlNmapFiR9MrvxCn7g1YGjdQ/IRC74YZu4Ew.jpg?size=2560x1707&quality=95&sign=59005b6e5ed1b70d74492bd573ebf2a2&type=album
https://sun9-40.userapi.com/impg/IvwLC1uRXbnSfpxPbMz8cUcVpLAa2FVXQ5l9Ew/E01aWv4E4Q0.jpg?size=2560x1707&quality=95&sign=918e1977d4ae1a2607b23d49a843098c&type=album",
Беспризорники,2023,STENOGRAFFIA," В серии представлена история, в которой Гав с Шариком все-таки остались на улице. Своей работой Руслана хотела привлечь внимание горожан к проблеме бездомных животных. По ее сюжету известные персонажи живут в городе как беспризорники: воруют чужую еду, доедают объедки, но при этом персонажи не грустят, а веселятся.

«Часто социальная реклама привлекает внимание к проблемам через стыд и вину. В своей работе я это делаю через напоминание и образование», — рассказывает художница.

Помимо освещения социальной проблемы, у Русланы была другая причина обратиться к известным героям. «Автор оригинальных персонажей Леонид Шварцман умер прошлым летом на 102 году жизни. За свою жизнь он создал много известных и любимых героев и мультфильмов: «Чебурашка и Гена», «38 попугаев», «Варежка», «Обезьянки». Я очень уважаю творчество этого художника. Создавая свой оммаж на фестивале, я продлеваю жизнь его персонажам и говорю “спасибо”», — пояснила Руслана.",https://vk.com/wall-17497334_17719,Purpur.moon,,,56.839285° 60.618272°,Ленина 48,"https://sun9-25.userapi.com/impg/xRg7ta5LLDBgvHD9eZHDGJciHuStruvGOofvSw/i5x-aH5WOic.jpg?size=2560x1708&quality=95&sign=09a5be95ba8d3bcf91dc1139c2ebf6e0&type=album
https://sun9-58.userapi.com/impg/BiVW5zC6FRA2PhEo7Hh8DYlC235M0r4Fcrkj8Q/BLIIRzK31fI.jpg?size=2560x1708&quality=95&sign=a750b8e23865420f191fbe8e574be702&type=album",
Беспризорники,2023,STENOGRAFFIA," В серии представлена история, в которой Гав с Шариком все-таки остались на улице. Своей работой Руслана хотела привлечь внимание горожан к проблеме бездомных животных. По ее сюжету известные персонажи живут в городе как беспризорники: воруют чужую еду, доедают объедки, но при этом персонажи не грустят, а веселятся.

«Часто социальная реклама привлекает внимание к проблемам через стыд и вину. В своей работе я это делаю через напоминание и образование», — рассказывает художница.

Помимо освещения социальной проблемы, у Русланы была другая причина обратиться к известным героям. «Автор оригинальных персонажей Леонид Шварцман умер прошлым летом на 102 году жизни. За свою жизнь он создал много известных и любимых героев и мультфильмов: «Чебурашка и Гена», «38 попугаев», «Варежка», «Обезьянки». Я очень уважаю творчество этого художника. Создавая свой оммаж на фестивале, я продлеваю жизнь его персонажам и говорю “спасибо”», — пояснила Руслана.",https://vk.com/wall-17497334_17719,Purpur.moon,,,56.846433° 60.601893°,Красный 12,"https://sun9-13.userapi.com/impg/IaHwF8fhHibjjTvyQmypSRdP27rDbfMv1toVTg/WP8RMikTfBg.jpg?size=2560x1708&quality=95&sign=0cefd45c44d7815ae2e9b4f85f2d1dad&type=album
https://sun9-59.userapi.com/impg/vfmRfNfsagkjrvRVz_XoCw21cpswCiQvC1u7Ig/MIKc852O0_U.jpg?size=2560x1708&quality=95&sign=56a41af772b55498d7bb9513bd70d7f8&type=album
https://sun9-7.userapi.com/impg/WBN5CkGfe2jZ6oEADXeQUTi5sUkiU1mAZcXskA/0WzF4TFplUg.jpg?size=2560x1708&quality=95&sign=0894fc64e98ecbb5328f1800b52a6408&type=album",
Беспризорники,2023,STENOGRAFFIA," В серии представлена история, в которой Гав с Шариком все-таки остались на улице. Своей работой Руслана хотела привлечь внимание горожан к проблеме бездомных животных. По ее сюжету известные персонажи живут в городе как беспризорники: воруют чужую еду, доедают объедки, но при этом персонажи не грустят, а веселятся.

«Часто социальная реклама привлекает внимание к проблемам через стыд и вину. В своей работе я это делаю через напоминание и образование», — рассказывает художница.

Помимо освещения социальной проблемы, у Русланы была другая причина обратиться к известным героям. «Автор оригинальных персонажей Леонид Шварцман умер прошлым летом на 102 году жизни. За свою жизнь он создал много известных и любимых героев и мультфильмов: «Чебурашка и Гена», «38 попугаев», «Варежка», «Обезьянки». Я очень уважаю творчество этого художника. Создавая свой оммаж на фестивале, я продлеваю жизнь его персонажам и говорю “спасибо”», — пояснила Руслана.",https://vk.com/wall-17497334_17719,Purpur.moon,,,56.821431° 60.576343°,Пальмиро Тольятти 32,"https://sun9-31.userapi.com/impg/Xz7O8MQNtO1wIgC8s_dzl8D7djaFcBge6O7xcg/5dREDimvqNs.jpg?size=2560x1708&quality=95&sign=508a88996160e647c4418493d9fd99d2&type=album
https://sun9-38.userapi.com/impg/J_VimBykMl_02rcIrGowgfeDUkyVnwjtH5zf3A/BE9VrRiN_Vw.jpg?size=2560x1707&quality=95&sign=e836e185928030abe2b44f40196195e3&type=album
https://sun9-17.userapi.com/impg/IjFZMcGgeI0EeDblOJmg3hnkwOHt0chSEWGXeg/Qf6-X0npJU8.jpg?size=2560x1708&quality=95&sign=c0ba6972c80bf0f99618b1b93e54d87d&type=album",
Я подарила бабушке пионы...,2023,STENOGRAFFIA,,https://vk.com/wall-17497334_17644,Мария Ионова ,,,56.833618° 60.629726°,Бажова 161,"https://sun9-6.userapi.com/impg/JM5tb-z_AUa0QEFqj9pbZ4a4FZBDr0oeGH3osw/iHSidIZ2Aw4.jpg?size=2560x1707&quality=95&sign=ecfe24367b9558a715d4b36cbdcd7989&type=album
https://sun9-6.userapi.com/impg/mQzJd1tgweEHZMxseb50bxmkwewun2rhh8-FxA/iLvQn7voiB4.jpg?size=2560x1707&quality=95&sign=23a9fa3bfbc301b1d5e2a1afeaf714d8&type=album
https://sun9-78.userapi.com/impg/V7LHvI-d6S2ChUpohkccoan_tyLa_kcmsUuF-Q/Kdl9BtkYGP4.jpg?size=2560x1707&quality=95&sign=f5ac41141e2593b0c5e648bef5b46404&type=album
https://sun9-2.userapi.com/impg/jM4HfNLFCCIjRqSMbbaacNN_Edif8WjnuSyvog/4SY8wyOTo98.jpg?size=2560x1707&quality=95&sign=ed81863b8a64161bdbb5832450c11adb&type=album",
Урал - душа IT,2023,STENOGRAFFIA,,https://vk.com/wall-17497334_17611,Саша Селфея,,,56.824793° 60.600971°,Университетский переулок 5,"https://sun9-76.userapi.com/impg/mWfsIZREAANYKr9DX1WQadWI3QZIdmJgolkJBA/XSb-UBJD4Cg.jpg?size=2560x1707&quality=95&sign=331bb72c9806169d47d3e1b66afd009b&type=album
https://sun9-28.userapi.com/impg/MtFQVidLuK_SPcsRR0j1PjjstNqUvWmKdHEIjA/kToCwRWQ07Y.jpg?size=2560x1707&quality=95&sign=1827139513c6ee28415d109848972527&type=album
https://sun9-77.userapi.com/impg/lh4geUpeqa2x3qPuWtoW0OAQl_DpOJz90lFLhw/Qtc0gB3L144.jpg?size=2560x1707&quality=95&sign=e27f4a2c401d6fcf70c709bdfcfe5070&type=album
https://sun9-35.userapi.com/impg/-8_LhV9klAf7Rk5V7sev8rHw_29gVpF7uGUt-A/065nWkdm744.jpg?size=2560x1707&quality=95&sign=da0e2430b69dedb2255d3b2fafd30c44&type=album
https://sun9-6.userapi.com/impg/NoG1X29-JNiEEbF77p-O6AECGdJsA0xiijg45g/rtTZxJRFUpg.jpg?size=2560x1707&quality=95&sign=5c65bd55024c65a05ee0fc8ac4103a92&type=album",
Эта музыка будет вечной,2023,STENOGRAFFIA,,https://vk.com/wall-17497334_17581,Алексей Грабилин / SPEKTR / Hot Singles in Your Area,,,56.838163° 60.604453°,Пешеходный переход на Плотинке,"https://sun9-20.userapi.com/impg/pzY3GQbhJH4jjcjpXjcPNXhzOrxRVFC_InvFpQ/cn0IkAOLh9E.jpg?size=2560x1707&quality=95&sign=c91f0754eb2c33bbc8ce1b4a8966915b&type=album
https://sun9-40.userapi.com/impg/2Ck1spTuASvTRvKbejAdz7FAByzRar2Jqel3Fg/MFT9xUSvAlM.jpg?size=2560x1708&quality=95&sign=62cb34498eafdc9fd646836fe4fa5953&type=album
https://sun9-59.userapi.com/impg/kyOUiakG6LtbOQnVwbYEcIEJaEkSY9eblejYoA/3hN7lFzt51Y.jpg?size=2560x1708&quality=95&sign=2aa13c8a6b55fcaffa3af5e977a2aed8&type=album
https://sun9-9.userapi.com/impg/CBMVIS_jGk_eYU2l7STdJq-OehAwiwxHqyq_hA/Avk2TkmTvaE.jpg?size=2560x1708&quality=95&sign=effdc5a1adb7513ac611afad25225c2a&type=album
https://sun9-48.userapi.com/impg/zVuwZ0jaNqbZt5t7ud6yLuFl4q3G_-Z7m1TF6Q/QddKQ409BFc.jpg?size=2560x1707&quality=95&sign=7256b3f4d329b368d954a87143333b95&type=album
https://sun9-4.userapi.com/impg/_BAJc0KJTosFnrzc2rfxItFzM-2qFjem06aFIQ/99BlWuXgXE8.jpg?size=2560x1708&quality=95&sign=b30341fa0fd88233d6305dcc977aa3e5&type=album
https://sun9-48.userapi.com/impg/Jgl-0_wHupyBriIvH4S7lrpDgJ3a-pS_ucQWhQ/NR6A-zM-z7g.jpg?size=2560x1708&quality=95&sign=b8293e8c8f24eefac19ad8a381f60687&type=album
https://sun9-73.userapi.com/impg/uDKOrFuHAgaWbQsVAwVSfeze8QArm8rl9vznJw/HlFhEwcuJcc.jpg?size=2560x1707&quality=95&sign=c880dc00c368649e8c902fb5dfdb152f&type=album
https://sun9-78.userapi.com/impg/fepIIjDCXf7PSVewezEa0-5HGh-E4gfIDgqIyg/iF1kOMp9mEI.jpg?size=2560x1898&quality=95&sign=4a8736b240efd3e1217190c9b48eb637&type=album",
Красный изумруд,2023,STENOGRAFFIA,,https://vk.com/wall-17497334_17577,Сергей Акрамов,,,56.848036° 60.612861°,"Карла Либкнехта, 44т","https://sun9-59.userapi.com/impg/wHK2AEg-eh-mrUe1RDXjfZhcIlr2Y63Vp7wdUQ/136wLLlyX5o.jpg?size=2560x1708&quality=95&sign=7a42d236bd2ef4c9bd180a007f8137e7&type=album
https://sun9-49.userapi.com/impg/UnQ7E7ogWPBvx846ml3e8-KAQzVmfXlQ-ph5KA/di1kZzdljiY.jpg?size=2560x1708&quality=95&sign=699420e3f8a4cd51a1a53242a112c80b&type=album
https://sun9-71.userapi.com/impg/8-1iNnXVTH4A1UhTR6XDPZqVlCJ946aDrUUSrA/WgUWuBf1JoE.jpg?size=2560x1707&quality=95&sign=dd66bd7d2f713ba97b8442ee39f138ac&type=album
https://sun9-76.userapi.com/impg/ubLnq1xDJvA0hYRLduZxE35h-s6bxZXZclKjDg/-M-rsrvOTxE.jpg?size=2560x1708&quality=95&sign=016356d1e7a32f77d88c968224f4dd6a&type=album",
Рельеф №6 или белый мох на кирпичной стене,2023,STENOGRAFFIA,,https://vk.com/wall-17497334_17515,Крепкий палец,,,56.834477° 60.612806°,"Малышева, 74","https://sun9-10.userapi.com/impg/PGbdvHcQskGAlGQyoU_Qojw4gAhtyWLJ-KsgXg/0J95zQLgWbc.jpg?size=2560x1707&quality=95&sign=430c5a889aa3ea8c48b99578b108ce89&type=album
https://sun9-23.userapi.com/impg/TNenKZBt9GPGvKX97YqrrT2dbr4gMSiFMkEnLA/RZxqxW5bgWc.jpg?size=2560x1707&quality=95&sign=38f46ad77c6964e8a3fb65fcf2d35273&type=album
https://sun9-18.userapi.com/impg/Bx4UFYHrex7AH9-3UfG9MOS637kolLpRaXCY3w/yXO5ZGN-r2k.jpg?size=2560x1707&quality=95&sign=2a0f9b67b6428a2fc82d0665e533547d&type=album",
"Люди рисуют ""Жизньмарт""",2023,STENOGRAFFIA,,https://vk.com/wall-17497334_17502,Жизньмарт / Таисия Спирина / SPEKTR,,,"56.850404° 60.587736°
",Гражданская 8,"https://sun9-60.userapi.com/impg/hPj1H7uUx0lPN86eC8e1jHIej6SoRGi8zjR9Cg/uiQPXU3PB0Y.jpg?size=2560x1707&quality=95&sign=022dabbfae2210f774fc3b19b4325696&type=album
https://sun9-15.userapi.com/impg/kCQD_l0YbYqEYI4X9Y1dIUcyMa5_TfWeKILfRA/iS5yB5K6c-4.jpg?size=2560x1707&quality=95&sign=e902923787905623c3e320ebab2c4926&type=album
https://sun9-60.userapi.com/impg/HpdwlyMkb9iGHSNOOPi2bVzj1DjZuMNMJK6yQA/mYyBO6KWssA.jpg?size=2560x1706&quality=95&sign=93634978f0c62a3b76dde4110dc536d0&type=album
https://sun9-76.userapi.com/impg/7OYS3eB1bMuOWQal9u1n3O0aD4I1Jy5S9TqkXA/RP1UoSNFEpU.jpg?size=2560x1707&quality=95&sign=adc232c5fc873702a370ca4bb0d82289&type=album
https://sun9-66.userapi.com/impg/uBcoxlsPcpSPlD6v8IJko7fAz48pUjpq0F_AxQ/J9Sk_fberOA.jpg?size=2560x1707&quality=95&sign=ed27886ac95d50bde4a86f31f7f8b410&type=album",
Оранжевый маршрут,2023,STENOGRAFFIA,,https://vk.com/wall-17497334_17462,Vova NOOTK,,,56.847146° 60.609292°,Подземный переход у ТЮЗа,"https://sun9-59.userapi.com/impg/JsJOCLiB5mh5umodUKiFclf1cSxZVBNGTCNtAQ/ZW265rIoZ8g.jpg?size=2560x1708&quality=95&sign=c994b5233e46cd82c2b48fdafdb92585&type=album
https://sun9-2.userapi.com/impg/bHguJwZU3cK_NWFY0vCjJH1ftZzPhZQFbnZGVw/ySDDO4PuNsU.jpg?size=2560x1708&quality=95&sign=1f37fca6c1fd13b24fc1a403dd62de9a&type=album
https://sun9-30.userapi.com/impg/XZruoHEE2QX3ZCsm0jccPgKono1qRx44Aoah7g/TqO4IVBQMP0.jpg?size=2560x1708&quality=95&sign=3753b8900cf747fefdcea7a387b002a0&type=album
https://sun9-64.userapi.com/impg/5Zr5x6FMDEKudy9MVqOenIVdzLB8YhSmUD0zZg/NUPRIyc_kms.jpg?size=2560x1708&quality=95&sign=be06b396ebae885dddfd88ae39898859&type=album
",
Без названия ,2023,STENOGRAFFIA,,https://vk.com/wall-17497334_17450,Полина Головачева,,,56.833906° 60.586307°,Шейкмана 45,"https://sun9-49.userapi.com/impg/mD2ND2ZVT2WK6scvJfW5GX_UMhpMeMedoJmaPQ/ICt4JWLOvGI.jpg?size=2560x1707&quality=95&sign=73a96a5990a0733c28d65498aa87b9c7&type=album
https://sun9-30.userapi.com/impg/ULrH4FPHggg2qBZoMBYX8nX4h0rjKKzjZcH_eA/f1YwAz06Rvk.jpg?size=2560x1708&quality=95&sign=9b6978920c086cc204fea1d16eb9ec22&type=album
https://sun9-79.userapi.com/impg/mGiz3r-D0pjFvu16fgFhORbIwVamCilj3IsTOg/UauaVisNamA.jpg?size=2560x1708&quality=95&sign=0708ad74689a50cc9afe625b2bf386b6&type=album",
Радость творческого пути,2023,STENOGRAFFIA,,https://vk.com/wall-17497334_17430,Денис Kibeda,,,56.841636° 60.685358°,"Высоцкого, 22","https://sun9-39.userapi.com/impg/yleo9PVHYvXGb4HnKaOVUndn0qPnLKhQmmrOdg/Wu02ZGG1TtY.jpg?size=2560x1708&quality=95&sign=f7c8911a5da72f70b5329d62e6a4f3c8&type=album
https://sun9-50.userapi.com/impg/S9bbTl3qQIyz_VDDojasY56BFAt47yetwCBZEw/cp1d4OttTEM.jpg?size=2560x1708&quality=95&sign=1cd498793cedf3544beeb2b0722e1846&type=album
https://sun9-8.userapi.com/impg/86aVLIrTFxgg0V74VXQ1KZoPHbs_dP8zT_7rzg/XIOpH9Qg0VU.jpg?size=2560x1708&quality=95&sign=5e11ee0d13edd74416af12ff2139ee4a&type=album
https://sun9-39.userapi.com/impg/tzSsu2pA4xH8etuKaJ4mPJOVjYHfIBH7PMaDYA/fLsjC35-274.jpg?size=2560x1708&quality=95&sign=0dc4cd75e3d55beee7aa35c4ddffc7a8&type=album
https://sun9-58.userapi.com/impg/CmdIDdsVEeDSgRXZKHt9vMcWQgt9GVT6SghQDQ/4_04D8sDcQ8.jpg?size=2560x1708&quality=95&sign=8eae4ea3d37ec62c628db3cbe99b1830&type=album",
Без названия ,2023,STENOGRAFFIA,,https://vk.com/wall-17497334_17408,Jaume Molera,,,56.83064° 60.562506°,Токарей 31А,"https://sun9-11.userapi.com/impg/Sw5G6wD1_xY_B8pBdEQ9jAuRWAv0Q1lZEBlVLA/Wljz7sgfdwo.jpg?size=2560x1708&quality=95&sign=8f45f66495b5d7c4f9e7f4b130e7b0a0&type=album
https://sun9-23.userapi.com/impg/v6n7mL3BEKX_1zb9r0xY8GLx5c9TE9j31Lm9tA/y6B3hZYdwD8.jpg?size=2560x1708&quality=95&sign=c2ba4cf190d846aa9acc53d39aba5d57&type=album
https://sun9-49.userapi.com/impg/J56EwThIq0uYmeUcnDoFevCVqzFT3LQ4t5gkkA/CMc3ziMfVUY.jpg?size=2560x1708&quality=95&sign=7b6b89174b949ff61341e9627037574a&type=album
https://sun9-31.userapi.com/impg/02g14hYJEKH-69S4g73-l3xUMMmETWkLnOacVQ/Spp-_Dm86BA.jpg?size=2560x1708&quality=95&sign=8aae78ff1c9515ce04d7cb74744ee0d1&type=albumhttps://sun9-23.userapi.com/impg/nP2ONzfjUjaQM2eqcsVxWaR_yECCG_QBNQ-_Zg/ZuQeX4Z3nrE.jpg?size=2560x1708&quality=95&sign=55a1aebe210bc8dec64034014cf2b91f&type=album",
Воспоминания о детстве,2023,STENOGRAFFIA,,https://vk.com/wall-17497334_17370,VERSUS FLOW,,,56.866033° 60.538394°,Седова 21,"https://sun9-80.userapi.com/impg/WeKysHrvizQ9CfVCazZTMfAh9tt8Mt3O-i1MZA/AKje2AYILR0.jpg?size=2560x1708&quality=95&sign=351d3b2d07ee3ec3252fccba85462066&type=album
https://sun9-77.userapi.com/impg/0_UzsofYehWq37KWKwaXNWGNSBkZYfRRa71Wog/wH46TNBWkok.jpg?size=2560x1708&quality=95&sign=02bde3c93f32abc64d5701d65660858c&type=album
https://sun9-46.userapi.com/impg/VSxjHj8TqY8cdlOpxtHNCJdban6-vXQZaxUfHQ/2W8saGueQzc.jpg?size=2560x1706&quality=95&sign=ca745614fc17d1328d8f2638e3d38fd1&type=album",
The Four Horsemen,2023,STENOGRAFFIA,,https://vk.com/wall-17497334_17361,Надя О,,,56.822358° 60.547577°,Репина 56,"https://sun9-76.userapi.com/impg/m0UMwpT9en0qIZQZBLbt7RPbTW15pOfY9c75_A/6FIYiQFS1HA.jpg?size=2560x1707&quality=95&sign=cd97f1f5fb5da611287199ae8c3da6c1&type=album
https://sun9-24.userapi.com/impg/TUC5UbmS7eFlRkC78wlpj7xk8tgOVki41IHogw/wSTvw0Yg884.jpg?size=2560x1707&quality=95&sign=614bed0a14f78a493b09baf514c7bfde&type=album
https://sun9-13.userapi.com/impg/9NDReO8PHXYegm-GxgLVc8-ExFaB0awvTXFMdQ/Vci1ox1o0Xo.jpg?size=2560x1707&quality=95&sign=56128d5b6936410924bb2426c6318de0&type=album
https://sun9-14.userapi.com/impg/v52BrlrNowSHKEM6YaRWvAZgWh5CY3t3T3S7Zg/rg_E3POup8s.jpg?size=2560x1707&quality=95&sign=ccf919b9e18c44f9bcc9750d1cf6d4c0&type=album",
Дружные соседи,2023,STENOGRAFFIA,,https://vk.com/wall-17497334_17305,Мансур Зияев,,,56.783105° 60.517746°,Сахарова 47,https://sun9-73.userapi.com/impg/3EaXDuAO6D19ii2ckArtHwB1xGO43ADYgcbJKw/FQJczDC3JJU.jpg?size=2560x1708&quality=95&sign=8953d5418d161f917860feffff5e8986&type=album,
Спокйствие,2023,STENOGRAFFIA,,https://vk.com/wall-17497334_17305,Мансур Зияев,,,56.784372° 60.515491°,Сахарова 51,"https://sun9-54.userapi.com/impg/tscyA6xJMYjGYAb6Bn57VdV-w3P6uyJfpEiuJg/MHU_g_6bRWc.jpg?size=2560x1708&quality=95&sign=e5807562642033cfa474512483242e11&type=album
https://sun9-40.userapi.com/impg/CClwWIGOtM8MZ2072jzEIj9ELYUBrWavavxpfQ/kbdjRR4lPFw.jpg?size=2560x1708&quality=95&sign=bfe86eaa629616292711594e9ae02eda&type=album",
Скоро новоселье,2023,STENOGRAFFIA,,https://vk.com/wall-17497334_17305,Мансур Зияев,,,56.785089° 60.514205°,Сахарова 53,https://sun9-31.userapi.com/impg/k727hl-I3quqxtqV41nZ_J5zolkekSE6qkIBfA/7fpN1FLLKgU.jpg?size=2560x1708&quality=95&sign=fd495b1dc4d20ff2418eec7aa67d40b1&type=album,
Верность,2023,STENOGRAFFIA,,https://vk.com/wall-17497334_17305,Мансур Зияев,,,56.786361° 60.511931°,Сахарова 57,"https://sun9-70.userapi.com/impg/8V-1r6viDfQ20-qHd7x-WjXmklHiVDqzaGlRjQ/STcGdskOMOY.jpg?size=2560x1708&quality=95&sign=6e28ee1663942fb9e787bf21290deea9&type=album
https://sun9-39.userapi.com/impg/B3y39sakAY9FDDljcg5ICBRrwYA1d7w1fRqKWQ/vUK1APUmn7k.jpg?size=2560x1920&quality=95&sign=1fe824052d86e513eb082f7a4679b044&type=album
https://sun9-73.userapi.com/impg/PWlB0va59QM5gGIgamDbNNCJMITREsIGDn7Gxg/7ZpeiHyewjA.jpg?size=2560x1920&quality=95&sign=8af108f3fe32fd892b396afc9dc3646e&type=album",
Пастрораль,2023,STENOGRAFFIA,,https://vk.com/wall-17497334_17267,Мансур Зияев / VERSUS FLOW,,,56.828629° 60.596758°,Вайнера 60,"https://sun9-78.userapi.com/impg/Ts9sTCi-vOuIOWrGnIMsRziLZ5RmmFWHi02pKw/gycSihbgN1Q.jpg?size=2560x1707&quality=95&sign=5b55f5176a19df258daa3328f71b3f35&type=album
https://sun9-59.userapi.com/impg/0ASB15D2w51FIdsagpBD5uzBGubDEZpmc5pXMw/xqbZJ3ODsa8.jpg?size=2560x1707&quality=95&sign=e19c1ee1390d66ea26d8a5ebab1d5c42&type=album
https://sun9-28.userapi.com/impg/E2Borl-UyLcVxkdTZGp-u3GahgF3u1Dw_4QrYw/-4h-HJFW310.jpg?size=2560x1707&quality=95&sign=39b750bb178df8b8a1fce86ef9d5b7cd&type=album
https://sun9-9.userapi.com/impg/SpDkYyw8gB0DrjazXqYx6-7zWgLwM2O3IxrO6w/btyspK2sVWQ.jpg?size=2560x1707&quality=95&sign=033c93200ce3f28f59b41f3183e4af59&type=album
https://sun9-9.userapi.com/impg/SpDkYyw8gB0DrjazXqYx6-7zWgLwM2O3IxrO6w/btyspK2sVWQ.jpg?size=2560x1707&quality=95&sign=033c93200ce3f28f59b41f3183e4af59&type=album",
Екатерина,2023,STENOGRAFFIA,,https://vk.com/wall-17497334_17941,SPEKTR,,,56.828783° 60.619231°,"Куйбышева, 48","https://sun9-11.userapi.com/impg/zYZnl6NKc03KufoQlTe3wz7tB5KrHkWkqpMqaQ/knjsiXQ-_BU.jpg?size=2560x1707&quality=95&sign=4063f5bd7e814432b3ab48cf3ce71ff8&type=album
https://sun9-60.userapi.com/impg/GdjbIqxeFgLDCzQXOY6PrxTeWQGYPdt5B8LRwQ/GXPgr_YP0jw.jpg?size=2560x1708&quality=95&sign=6c009517741c03ff260bfc5ef2b05d73&type=album
https://sun9-30.userapi.com/impg/U0yt1wygE_oQtWUCEdYGbKPuiw-HLE4iJA0qYg/jFg5LErPiz4.jpg?size=2560x1708&quality=95&sign=9dd85d8bbe8dc3d9c96cf5b73c17479c&type=album
https://sun9-33.userapi.com/impg/9qCiUkq2T54AKYR65qk0IpVF0djj2G1TolEY3g/KVSqdfWXK00.jpg?size=2560x1708&quality=95&sign=548f27f1d43399759710abfe2e27752b&type=album",
Нежность спасет мир,2022,STENOGRAFFIA,,https://vk.com/wall-17497334_16636,Валерия Солодовникова,,,56.857573° 60.615445°,"Челюскинцев, 35","https://sun9-45.userapi.com/impg/LawPSm7rVdNsEQONqRXJcZRvYX8Js3KFEx0W7Q/jC3ut--AKGU.jpg?size=2000x1333&quality=95&sign=ace42a71f725540c4bb41fb4d45721de&type=album
https://sun9-69.userapi.com/impg/BnR_CrToXADBFXIheZo1IqfKsVYe2bpKDAB8Jw/6_xGV60nrIQ.jpg?size=2000x1333&quality=95&sign=ab8fd6e6b63eb5855f13beb621420bc4&type=album
https://sun9-10.userapi.com/impg/BpCqYuVZmLTF6VIE9OfsKXneoU3d_Ix6sceXHQ/Fe8baJO-vUw.jpg?size=2000x1333&quality=95&sign=f669e99e42339950719459be6e535346&type=album
https://sun9-13.userapi.com/impg/CrW48Rprp4Zxnp5KDoTa8kVcPYwSCg8RgrF3bA/kJFxKlihe5s.jpg?size=2000x1333&quality=95&sign=5ca26801ffb5a409a1f08f72b6cb5edc&type=album",
Одуванчик,2022,STENOGRAFFIA,,https://vk.com/wall-17497334_16556,Анастасия Москвина,,,56.836914° 60.606463°,Горького 29,"https://sun9-66.userapi.com/impg/zoMAZsqMzwXbOc2r5i2mp_o0EDNBKj34W7xNkg/YUrf5CIKin0.jpg?size=2560x1708&quality=95&sign=52cb60be722113f207e904457105f1f1&type=album
https://sun9-57.userapi.com/impg/0NaKlqFIg2SN-KX-BobmvXhlfCuUn8-xb37QLg/rZEuLbh-nG0.jpg?size=2560x1708&quality=95&sign=df63f15dc2b62d40c3593887981c3b13&type=album
https://sun9-31.userapi.com/impg/1xFl8gXsiRdG2FDFYg2jZbv0A_vFoHBEnCg4Ew/OMwM0V5JDi4.jpg?size=2560x1708&quality=95&sign=977000ea457b4fb242bb46d3c796eca8&type=album
https://sun9-22.userapi.com/impg/zQlfxWWkyjpaw1YEOpuG-3Sdx5KTQ6CE6NY6WA/zWjFI0C4EdE.jpg?size=2560x1708&quality=95&sign=bfe264d04175af91e2ce73841a90c39c&type=album",
Без названия ,2022,STENOGRAFFIA,,https://vk.com/wall-17497334_16538,Алексей Бархан,,,56.840448° 60.610331°,Толмачева 22,"https://sun9-34.userapi.com/impg/-yHFHXACKnku1Lug-wNEOQ-Ew7NvgSxJlH2kIA/8mFMg7F30Gc.jpg?size=2560x1708&quality=95&sign=c742a244ec4237f65b3aa124dd24dabd&type=album
https://sun9-43.userapi.com/impg/J8A6Sl6HtWcEb6akMH4gqrIuJ5encsu9MPKIrg/4pEKMNJVx74.jpg?size=2560x1708&quality=95&sign=d6542d6032d9a9f548241e5b61aacda3&type=album
https://sun9-2.userapi.com/impg/ulfJkWErYijahYdJTPEZd4cSmpE_PMxVTejyLg/OE8MfdWickY.jpg?size=2560x1708&quality=95&sign=446c5b098a6715cb3e6504ee8e61dd78&type=album
https://sun9-42.userapi.com/impg/ERAt_fi93tVFEjYM6XuqSLfpJ4pzA5y4xydc5w/uXYUxfLEm70.jpg?size=2560x1708&quality=95&sign=1be5a9d7f2f12575b5471714cd414528&type=album
https://sun9-18.userapi.com/impg/c3vVR8VyZuzqmNpBK5P72oA17fw3Xf0PfXwBBg/wXopPnnmLss.jpg?size=2560x1708&quality=95&sign=27233a6c0fa81487e49de785e6d52a9f&type=album
https://sun9-34.userapi.com/impg/zigWJT9NGFERR2Qxb3iMuNBrxvBLVIG8BItlkg/2tQqWEx4Rjc.jpg?size=2560x1708&quality=95&sign=1eb66a66926c709104e2c3700e695bc9&type=album",
Мир,2022,STENOGRAFFIA,,https://vk.com/wall-17497334_16448,Stenograffia,,,56.833738° 60.604663°,Добролюбова 3,"https://sun9-9.userapi.com/impg/W0sQlhC5jvtz1ofsIWxBxyY0YJJ6ltKP9qFnNA/k0-tnwqk_tE.jpg?size=2048x1365&quality=95&sign=13d846579adc3de3345febfbb6fd35c8&type=album
https://sun9-2.userapi.com/impg/VUcpt1S9Nb9zOumot5a7oiXdOcmBEehYKwy1UQ/6IljSaAjeHQ.jpg?size=2048x1365&quality=95&sign=dbb6519c5b8a2f3deb9f456bc8f82afa&type=album
https://sun9-52.userapi.com/impg/FwVMZKnVWS-4YQf5KFRhrQaLCe_xq2VmdjSR0w/s_7b7l2LmhE.jpg?size=2048x1365&quality=95&sign=0e6f30bcf395a92ce064c59b4bb1f74e&type=album
https://sun9-65.userapi.com/impg/X3gnSHkXPeogEMVCApsE5cmmLbutmN44oxMxjw/I43TjKo3Yxk.jpg?size=2048x1365&quality=95&sign=cab7e6d20f85ec4d39eeb1099a04aca0&type=album",
Ботаник фан,2022,STENOGRAFFIA,,https://vk.com/wall-17497334_16393,Крепкий палец,,,56.797277° 60.638008°,Белинского 181,"https://sun9-79.userapi.com/impg/5a5oVCzuIxNW9x_yLkICWS77xaE2fo4POXpQGA/4RjXNYlGGaI.jpg?size=2048x1366&quality=95&sign=830cf375c26d35913fcf5a616cc73fad&type=album
https://sun9-54.userapi.com/impg/zeKBNdKPX0WdWSqu4RcAlJ1KT39iDKv-QGJxpQ/GQ6jsTFnRoU.jpg?size=2048x1366&quality=95&sign=126a1b02d1b8566f965b6be1e0abedd6&type=album
https://sun9-4.userapi.com/impg/xxMIlxogZGYM-inLYJzigZcvElITQBTOgxCRWg/tc67hUCvV10.jpg?size=2048x1366&quality=95&sign=d3f1ed020e6d5797104692cddb4700e8&type=album
https://sun9-9.userapi.com/impg/LGgmcaA0Q8R8Ynp8dZhP_iEqnTouDIgLynmM4w/48OHPGot9hU.jpg?size=2048x1366&quality=95&sign=f3b4de0ba466837b34780a279338ac34&type=album",
Посмотри наверх,2022,STENOGRAFFIA,,https://vk.com/wall-17497334_16346,Тимур Fork,,,56.829495° 60.56628°,Крауля 7,"https://sun9-31.userapi.com/impg/HdejeVOzcgyC1cpkgLiN1gfvrORqGVahp-SGdg/zVY5zn4vo78.jpg?size=2048x1366&quality=95&sign=27414c649fa65e3c53d0862a52bf5f26&type=album
https://sun9-79.userapi.com/impg/ntNk-Ebs8HE8HT1wUYS5vm3mM-H94jNyygT51Q/FXq76eanK7g.jpg?size=2048x1366&quality=95&sign=31fce9241709ecd880b096ad36df6468&type=album
https://sun9-64.userapi.com/impg/WsIXs3GiaDSo_vPYhWW7kYBIbPL1x2yE4dDHbw/zoqQjbqXSzY.jpg?size=2048x1366&quality=95&sign=5e50750f5447d13b32645d865d34fabd&type=album
https://sun9-60.userapi.com/impg/3XzeMAI9uzr3KBD5Yt5xwNk0iPvWt2u0DhsJmg/kNbWf00SMYI.jpg?size=2048x1366&quality=95&sign=6cc753d4e9e76923945ba2e799c02929&type=album",
Веселые картинки,2022,STENOGRAFFIA,,https://vk.com/wall-17497334_16268,Анастасия Вокина,,,56.83433° 60.567367°,Венгерских коммунаров 10,"https://sun9-56.userapi.com/impg/aciMeDCuLkbX1MzvgAh8QLmFwmlaZdSpmsV3cQ/Um2Xb4sCRl0.jpg?size=2048x1366&quality=95&sign=6c1b2a621fefb73b19186eb417284b90&type=album
https://sun9-22.userapi.com/impg/YWSGN-C4EzRdme9kRYTMdBF4EAP3IGpKBTEdzA/L_CE25yNUW0.jpg?size=2048x1366&quality=95&sign=6cdd44162c15a921beef5e4cbc3f3ae0&type=album
https://sun9-45.userapi.com/impg/_qTqIop3i8Y4MOc9XWYrFkejHQxoY_8rHuG0uw/UUzyvqBpnJs.jpg?size=2048x1366&quality=95&sign=de47c44739f5c613bdc5ce2add1b3089&type=album",
Тихое пастбище,2022,STENOGRAFFIA,,https://vk.com/wall-17497334_16260,Андрей Люблинский ,,,56.896505° 60.620386°,"Кобозева, 29б","https://sun9-79.userapi.com/impg/KRJ6tn4a-bdZRSdOm9nTi0_L6q7qemjgwDjleA/k7ZaMXh4NrE.jpg?size=2048x1366&quality=95&sign=5ad1609f602075a3fbef364ac58c84f3&type=album
https://sun9-14.userapi.com/impg/m5rGlkPd0WHYyH3CFWKASCGyyflHUvuAluBUlw/mEWPn5XGHoU.jpg?size=2048x1366&quality=95&sign=c5575950080e536ad85f2fcdcea290de&type=album
https://sun9-2.userapi.com/impg/iD9dX2D7iAHuLz6rp7Ik961R3Y6FRngn9OkMpg/gV0_tvQWBJc.jpg?size=2048x1366&quality=95&sign=b2edc799afe89da9c5e32c30be852742&type=album
https://sun9-64.userapi.com/impg/JbUZf5Sj31Fr5FReDjpG2dinG2a36Ml2khRBvA/G8ZKl267BG4.jpg?size=2048x1366&quality=95&sign=d103fe9cb944362bb292703367aa47fc&type=album",
Тропа Героя,2022,STENOGRAFFIA,,https://vk.com/wall-17497334_16239,Rainessence ,,,56.844189° 60.592853°,Октябрьская 2,"https://sun9-22.userapi.com/impg/Xu4conF4sGxVR6V2QXrCgxSM-W8pxoa6yvyw0Q/wTRWE28bX2w.jpg?size=2048x1365&quality=95&sign=1527cf84c308545215da0afbf2739fee&type=album
https://sun9-58.userapi.com/impg/dBRgY8yibEpe1dt7ORPpYtpD92qdMjKbAqr8Eg/Ok-0C6EdPtQ.jpg?size=2048x1365&quality=95&sign=529e37f1ec081da1540135e3df0880bb&type=album
https://sun9-49.userapi.com/impg/9mTKG6cHGzX_HlnqBlCKJEkkfQuuNbtqwpmZVA/aRKYTdaYu2c.jpg?size=2048x1365&quality=95&sign=9feb5c278d8eabb2f95f42b04192c4fd&type=album
https://sun9-28.userapi.com/impg/_hnZXOCSYG-zbJbN8rE_jVo5dogkEes0xt5HBg/kEENuBTp0gE.jpg?size=2048x1365&quality=95&sign=3a4e69ec3460dd73c481b177ee797749&type=album",
Сон,2022,STENOGRAFFIA,,https://vk.com/wall-17497334_16218,Кирилл Бжедугов ,,,56.827512° 60.55956°,Токарей 68,"https://sun9-79.userapi.com/impg/JG0mts66RiVpdS2jRGFGty8lcBevIUFTNOFq1Q/89ro3L9vbKc.jpg?size=2048x1366&quality=95&sign=b4ad9c8da7c3d40eaf6830a958ae1272&type=album
https://sun9-36.userapi.com/impg/xUHnSvk5EJjCuT_RIQtq0qrur-I5gOdoyQjdRw/_UaVQL0uBEk.jpg?size=2048x1366&quality=95&sign=1578759e5b7da7390898d61703b4dadb&type=album
https://sun9-40.userapi.com/impg/xw6nptlnVaq1GrZD7f8ba2l_8nysbua_2WM_Cw/S-_MtSFTZ_E.jpg?size=2048x1366&quality=95&sign=d2ffae1fb477e60788a225103edfc6d2&type=album",
Две крепости,2022,STENOGRAFFIA,,https://vk.com/wall-17497334_16206,Дмитрий Ламонов,,,56.828609° 60.665352°,"Анны Бычковой, 10","https://sun9-27.userapi.com/impg/WEs4z0lTBpoCK3wrbgvMgjOg6yWLYZzAiOw-sw/fMaLrqtn8zk.jpg?size=2048x1365&quality=95&sign=686cb9dd6a2350b06b3a9fa7eef10772&type=album
https://sun9-78.userapi.com/impg/Mt9c4Kq2GXR6UnpOMIjwdLTIslH81eXBc03CIQ/FYuK__eyk9s.jpg?size=2048x1365&quality=95&sign=9a559b244e614f45eafd75ef52a27032&type=album
https://sun9-75.userapi.com/impg/I3p4TQBPkDI-uDBqGcSYxWkj0TytINxvql2v9A/v6gUJevNlp4.jpg?size=2048x1365&quality=95&sign=2a157ab3fdd77630ca383e853409e578&type=album",
Портрет с гусем,2022,STENOGRAFFIA,,https://vk.com/wall-17497334_16173,Кирилл Бородин ,,,56.823817° 60.59207°,"Народной Воли, 21","https://sun9-28.userapi.com/impg/-hEXpCMGIC-gi8zsPsV3xhpB1mX0cKGIjV9E_w/_RG2u0tVfOs.jpg?size=2048x1365&quality=95&sign=9ccaf17dcff42795a157cc092a85ae52&type=album
https://sun9-61.userapi.com/impg/iUfiKoy7N_CI1qGgsbasrcrnPdp__ghSkoQhsw/aYyGCZluP50.jpg?size=2048x1365&quality=95&sign=7f1f1d522413cf0053c965067db13154&type=album",
Madzarevic,2022,STENOGRAFFIA,,https://vk.com/wall-17497334_16150,Wuper Kec,,,56.834313° 60.606616°,"Малышева, 56А","https://sun9-54.userapi.com/impg/S97MwQS2nYhdfMGgQcqXnsd8VbTo-7-SRXzZdQ/R5QOLuEQrdE.jpg?size=2048x1365&quality=95&sign=aa8309e0c8cf9a84da3b654f6b8213ed&type=album
https://sun9-43.userapi.com/impg/LyqO6iB8nu_w8AbBv_nz6fFv-gd4yHv9GzUEWQ/Vuvv76jlmvY.jpg?size=2048x1365&quality=95&sign=6ac26059e4a6e70393af2c9966c18a5e&type=album
https://sun9-73.userapi.com/impg/agTd0c5kB41L5MWAZpQ64iLHWoR5bzSjDmNWeA/7b3TmM6fKgc.jpg?size=2048x1365&quality=95&sign=dc65adf27fa30f85ea3a36b92d8594a2&type=album",
Расстояние,2022,STENOGRAFFIA,,https://vk.com/wall-17497334_16089,Станислав Алерт ,,,56.824471° 60.657158°,"Сибирский тракт, 29Б","https://sun9-50.userapi.com/impg/7A2LyRS7qVQGSu89BbbQOHl_n_4Iyd84raS93g/r8jGnrhPMBI.jpg?size=2048x1365&quality=95&sign=396097900d75007bc441f9b1ef0f7a95&type=album
https://sun9-34.userapi.com/impg/C-BNcU-QI3trhsVhmwP2jnMsYytWzPPA5Ufm9w/xXh6CAsYAGY.jpg?size=2048x1365&quality=95&sign=e1963c8231ab1dc5b97e9e20c6dbfd7d&type=album
https://sun9-41.userapi.com/impg/siihahD1cshWkDz3Jt8egaLWjNnQhlMpfbSdQA/crUOVBnqfBs.jpg?size=2048x1365&quality=95&sign=8f61028232ca063b83f1ce3c49c2e11f&type=album",
Медведь и соболь,2022,STENOGRAFFIA,,https://vk.com/wall-17497334_16082,Светлана Растебина,,,56.835076° 60.61392°,"Белинского, 6Б","https://sun9-66.userapi.com/impg/UaGEu-u1lqBXN9zBorl6kku-PMI89ypPCH7Lxw/4TzcUZ3Dly8.jpg?size=2048x1365&quality=95&sign=b93abfef02784713415af6f3263a4c33&type=album
https://sun9-42.userapi.com/impg/zrUdymvKlW_LqZt7UWOzCaizg6mQcmLRAY6r3g/2WZEkJW7IuM.jpg?size=2048x1365&quality=95&sign=6ff097b57b3739c3fc7f2dd7987b4e4b&type=album
https://sun9-77.userapi.com/impg/LbmBnR6cOpzkuRdW9XbH9JPbgCeWdb_lr3sfEg/sewqsyCFO1o.jpg?size=2048x1365&quality=95&sign=b2b9453f1538d4dee4137b5babbe11f3&type=album
https://sun9-6.userapi.com/impg/aXT5i0mCN6aE1kf3d-6VjWSQk7pKIjjm4lqa7w/FidoZ_JkpOA.jpg?size=2048x1365&quality=95&sign=a0a4a118371cc382ae84867d0a0260ee&type=album",
Приморская романтика,2022,STENOGRAFFIA,,https://vk.com/wall-17497334_16049,Дмитрий Лучинин,,,56.756888° 60.700818°,"Альпинистов, 27","https://sun9-21.userapi.com/impg/tV6EkcXeJTHAFPgwn7e1vUv1tprTlNZaOFalHA/dF0aXq6FXYE.jpg?size=2560x1707&quality=95&sign=d642529d2d6a504b2f72951b34fddd54&type=album
https://sun9-57.userapi.com/impg/bcrJgoZ9qW2ktaXnpqE3y06Ofj0jZhyBZIOWPQ/0h3tZiL0D10.jpg?size=2560x1707&quality=95&sign=08d7a81a3439aaf531227ab8adce346c&type=album
https://sun9-25.userapi.com/impg/mXyby1Jw11NOPGw6YP7tI0paLlu8-bbvcxUrVg/WvkSeoxJ8ZY.jpg?size=2560x1707&quality=95&sign=0fb49121035574ed7b638b550d52a858&type=album",
Ежик,2022,STENOGRAFFIA,,https://vk.com/wall-17497334_16064,Stenograffia,,,56.896741° 60.621027°,"Старых Большевиков, 73а ","https://sun9-4.userapi.com/impg/hTXi76SAMpZr6slCKMABr1nOItMJhlL3TNrZDg/BF2zkqwLk_M.jpg?size=2560x1707&quality=95&sign=4ae50ae25fb1712a34ec25efc81940c2&type=album
https://sun9-72.userapi.com/impg/IsdPnv1jpfd0MG-CGjkYk9BPqN0w54h4KJsLXQ/KK1ETOqwQKk.jpg?size=2560x1707&quality=95&sign=ff1e922fd27052387dbdb24f37965dcb&type=album",